nome,id,tipo,cadastro
RELEVO,961449,LISTA_SELECAO,IMOVEIS
9  - SEM INFORMACAO,961457,ITEM_SELECAO,IMOVEIS
7 - DECLIVE ACIMA DE 10%,961456,ITEM_SELECAO,IMOVEIS
6 - DECLIVE DE 5 A 10%,961455,ITEM_SELECAO,IMOVEIS
5 - DECLIVE ATE 5%,961454,ITEM_SELECAO,IMOVEIS
4 -  ACIDENTADO,961453,ITEM_SELECAO,IMOVEIS
3   - ACLIVE MAIS DE 10%,961452,ITEM_SELECAO,IMOVEIS
2  -  ACLIVE ATE 10%,961451,ITEM_SELECAO,IMOVEIS
1 - PLANO,961450,ITEM_SELECAO,IMOVEIS
SUPERFÍCIE,961469,LISTA_SELECAO,IMOVEIS
1 - SECO,961470,ITEM_SELECAO,IMOVEIS
2 - SUJEITO A ALAGAR-SE,961471,ITEM_SELECAO,IMOVEIS
3  -  SEMPRE ALAGADO,961472,ITEM_SELECAO,IMOVEIS
9  - SEM INFORMACAO,961473,ITEM_SELECAO,IMOVEIS
AREA TERRENO,961474,AREA_TERRENO,IMOVEIS
FRENTE EFET.,961489,NUMERICO,IMOVEIS
COD UNID TER,961458,NUMERICO,IMOVEIS
TOPOGRAFIA,961509,NUMERICO,IMOVEIS
FRAC DECL.,961529,NUMERICO,IMOVEIS
FRAC CALC.,961549,NUMERICO,IMOVEIS
AR 1º LANC,961569,NUMERICO,IMOVEIS
DATA VISTO,961589,DATA,IMOVEIS
ANO PROV CONS,961629,NUMERICO,IMOVEIS
ANO 1º LAN/PR,961649,NUMERICO,IMOVEIS
HABITE-SE,961669,DATA,IMOVEIS
ISENÇÃO ESPEC.,961689,NUMERICO,IMOVEIS
CCSIP VALOR FINAL (R$),961709,NUMERICO,IMOVEIS
REG REDUCOES,961610,TEXTO,IMOVEIS
EXERC,961729,NUMERICO,IMOVEIS
1º LANC.,961749,NUMERICO,IMOVEIS
NO. UNIDADES,961769,NUMERICO,IMOVEIS
CERC/MURADO,961809,LISTA_SELECAO,IMOVEIS
9 - SEM INFORMAÇÃO,961812,ITEM_SELECAO,IMOVEIS
2 - NÃO,961811,ITEM_SELECAO,IMOVEIS
1 - SIM,961810,ITEM_SELECAO,IMOVEIS
NIVELAMENTO,961829,LISTA_SELECAO,IMOVEIS
99 - SEM INFORMACAO,961839,ITEM_SELECAO,IMOVEIS
09 - REBAIX. ACIMA DE 4 M,961838,ITEM_SELECAO,IMOVEIS
08 - REBAIXADO DE 2 A 4 M,961837,ITEM_SELECAO,IMOVEIS
07 - REBAIXADO DE 1 A 2 M,961836,ITEM_SELECAO,IMOVEIS
06 - REBAIXADO ATE 1 M,961835,ITEM_SELECAO,IMOVEIS
05 - ELEVADO ACIMA DE 4 M,961834,ITEM_SELECAO,IMOVEIS
04 - ELEVADO DE 2 A 4 M,961833,ITEM_SELECAO,IMOVEIS
03 - ELEVADO DE 1 A 2 M,961832,ITEM_SELECAO,IMOVEIS
02 - ELEVADO ATE 1 M,961831,ITEM_SELECAO,IMOVEIS
01 - NIVELADO,961830,ITEM_SELECAO,IMOVEIS
SIT TERRENO,961849,LISTA_SELECAO,IMOVEIS
9 - SEM INFORMACAO,961856,ITEM_SELECAO,IMOVEIS
6 - INTERNO/FUNDOS,961855,ITEM_SELECAO,IMOVEIS
5 - MAIS DE TRES FRENTES,961854,ITEM_SELECAO,IMOVEIS
4 - TRES FRENTES,961853,ITEM_SELECAO,IMOVEIS
3 - DUAS FRENTES,961852,ITEM_SELECAO,IMOVEIS
2 - UMA FRENTE,961851,ITEM_SELECAO,IMOVEIS
1 - ENCRAVADO,961850,ITEM_SELECAO,IMOVEIS
DESTINACAO,961869,LISTA_SELECAO,IMOVEIS
9 - USADO PARA CONVERSAO,961875,ITEM_SELECAO,IMOVEIS
5 - OUTROS,961874,ITEM_SELECAO,IMOVEIS
4 - INDUSTRIAL,961873,ITEM_SELECAO,IMOVEIS
3 - COM/SERV,961872,ITEM_SELECAO,IMOVEIS
2 - RESIDENCIAL,961871,ITEM_SELECAO,IMOVEIS
1 - SEM USO,961870,ITEM_SELECAO,IMOVEIS
RESPONSÁVEL,961889,LISTA_SELECAO,IMOVEIS
9 - SEM INFORMAÇÃO,961891,ITEM_SELECAO,IMOVEIS
1 - NORMAL,961890,ITEM_SELECAO,IMOVEIS
CONTRI. MELHO,961909,LISTA_SELECAO,IMOVEIS
99 - SEM INFORMACAO,961911,ITEM_SELECAO,IMOVEIS
01 - TESTE TESTE TESTE TESTE,961910,ITEM_SELECAO,IMOVEIS
TOMB EXTERNO,961876,LISTA_SELECAO,IMOVEIS
9 - SEM INFORMAÇÃO,961880,ITEM_SELECAO,IMOVEIS
3 - TOTAL,961879,ITEM_SELECAO,IMOVEIS
2 - PARCIAL,961878,ITEM_SELECAO,IMOVEIS
1 - Nao Ha,961877,ITEM_SELECAO,IMOVEIS
TOMB INTERNO,961929,LISTA_SELECAO,IMOVEIS
9 - SEM INFORMAÇÃO,961933,ITEM_SELECAO,IMOVEIS
3 - TOTAL,961932,ITEM_SELECAO,IMOVEIS
2 - PARCIAL,961931,ITEM_SELECAO,IMOVEIS
1 - NÃO HÁ,961930,ITEM_SELECAO,IMOVEIS
AREA ISOTIMA,961949,TEXTO,IMOVEIS
PROC. DE CONSTRUCAO,961969,TEXTO,IMOVEIS
PROC. CONTRIBUINTE,961989,TEXTO,IMOVEIS
SIT. OBRA,962009,LISTA_SELECAO,IMOVEIS
9 - SEM INFORMACAO,962014,ITEM_SELECAO,IMOVEIS
4 - OBRA C/ ALVARA - RED. ALIQ.,962013,ITEM_SELECAO,IMOVEIS
3 - OBRA CONDENADA OU EM RUINAS,962012,ITEM_SELECAO,IMOVEIS
2 - OBRA IRREGULAR,962011,ITEM_SELECAO,IMOVEIS
1 - OBRA REGULAR,962010,ITEM_SELECAO,IMOVEIS
FACHADA,962029,LISTA_SELECAO,IMOVEIS
1 - SEM REVESTIMENTO,962030,ITEM_SELECAO,IMOVEIS
2 - REBOCO/ARG. PAULISTA,962031,ITEM_SELECAO,IMOVEIS
3 - CAIACAO,962032,ITEM_SELECAO,IMOVEIS
4 - PVA/QUARTZOLIT,962033,ITEM_SELECAO,IMOVEIS
5 - OLEO/VERNIZ,962034,ITEM_SELECAO,IMOVEIS
6 - CERAMICA/FULGET,962035,ITEM_SELECAO,IMOVEIS
7 - ESPECIAL,962036,ITEM_SELECAO,IMOVEIS
9 - SEM INFORMACAO,962037,ITEM_SELECAO,IMOVEIS
GARAGEM,962049,LISTA_SELECAO,IMOVEIS
9 - SEM INFORMACAO,962053,ITEM_SELECAO,IMOVEIS
3 - INDIVIDUAL,962052,ITEM_SELECAO,IMOVEIS
2 - COLETIVA,962051,ITEM_SELECAO,IMOVEIS
1 - NAO TEM,962050,ITEM_SELECAO,IMOVEIS
COBERTURA,962069,LISTA_SELECAO,IMOVEIS
9 - SEM INFORMACAO,962074,ITEM_SELECAO,IMOVEIS
4 - TELHA METALICA,962073,ITEM_SELECAO,IMOVEIS
3 - TELHA CERAMICA,962072,ITEM_SELECAO,IMOVEIS
2 - FIBROCIMENTO,962071,ITEM_SELECAO,IMOVEIS
1 - LAJE NO OSSO,962070,ITEM_SELECAO,IMOVEIS
ESTRUTURA,962089,LISTA_SELECAO,IMOVEIS
9 - SEM INFORMACAO,962096,ITEM_SELECAO,IMOVEIS
6 - METALICA,962095,ITEM_SELECAO,IMOVEIS
5 - MADEIRA,962094,ITEM_SELECAO,IMOVEIS
4 - PONTALETE,962093,ITEM_SELECAO,IMOVEIS
3 - ALVENARIA ESTRUTURAD,962092,ITEM_SELECAO,IMOVEIS
2 - ALVENARIA,962091,ITEM_SELECAO,IMOVEIS
1 - CONCRETO,962090,ITEM_SELECAO,IMOVEIS
DIV INTER,962109,LISTA_SELECAO,IMOVEIS
1 - SEM DIVISÃO,962110,ITEM_SELECAO,IMOVEIS
2- ALVENARIA,962111,ITEM_SELECAO,IMOVEIS
3 - MADEIRA,962112,ITEM_SELECAO,IMOVEIS
4 - OUTROS,962113,ITEM_SELECAO,IMOVEIS
9 - SEM INFORMAÇÃO,962114,ITEM_SELECAO,IMOVEIS
PAR INTER,962129,LISTA_SELECAO,IMOVEIS
9 - SEM INFORMACAO,962137,ITEM_SELECAO,IMOVEIS
7 - ESPECIAL,962136,ITEM_SELECAO,IMOVEIS
6 - OLEO/VERNIZ/PAPEL PA,962135,ITEM_SELECAO,IMOVEIS
5 - PVA,962134,ITEM_SELECAO,IMOVEIS
4 - CAIACAO,962133,ITEM_SELECAO,IMOVEIS
3 - LAMBRI,962132,ITEM_SELECAO,IMOVEIS
2 - REBOCO,962131,ITEM_SELECAO,IMOVEIS
1 - SEM REVESTIMENTO,962130,ITEM_SELECAO,IMOVEIS
PIS INTER,962149,LISTA_SELECAO,IMOVEIS
9 - SEM INFORMACAO,962158,ITEM_SELECAO,IMOVEIS
8 - ESPECIAL,962157,ITEM_SELECAO,IMOVEIS
7 - MARMORE/TABUA CORRID,962156,ITEM_SELECAO,IMOVEIS
6 - VINILICO,962155,ITEM_SELECAO,IMOVEIS
5 - MADEIRA/CARPETE GROS,962154,ITEM_SELECAO,IMOVEIS
4 - CERAMICO/CARPETE MED,962153,ITEM_SELECAO,IMOVEIS
3 - LADRILHO HIDRAULICO,962152,ITEM_SELECAO,IMOVEIS
2 - CIMENTADO,962151,ITEM_SELECAO,IMOVEIS
1 - SEM REVESTIMENTO,962150,ITEM_SELECAO,IMOVEIS
FORRO,962169,LISTA_SELECAO,IMOVEIS
9 - SEM INFORMACAO,962175,ITEM_SELECAO,IMOVEIS
5 - ESPECIAL,962174,ITEM_SELECAO,IMOVEIS
4 - GESSO,962173,ITEM_SELECAO,IMOVEIS
3 - CONCRETO(LAJE),962172,ITEM_SELECAO,IMOVEIS
2 - MADEIRA/EUCATEX,962171,ITEM_SELECAO,IMOVEIS
1 - SEM FORRO,962170,ITEM_SELECAO,IMOVEIS
TETOS,962209,LISTA_SELECAO,IMOVEIS
9 - SEM INFORMACAO,962215,ITEM_SELECAO,IMOVEIS
5 - OLEO/VERNIZ,962214,ITEM_SELECAO,IMOVEIS
4 - PVA,962213,ITEM_SELECAO,IMOVEIS
3 - CAIACAO,962212,ITEM_SELECAO,IMOVEIS
2 - REBOCO,962211,ITEM_SELECAO,IMOVEIS
1 - SEM REVESTIMENTO,962210,ITEM_SELECAO,IMOVEIS
INS ELETR,962249,LISTA_SELECAO,IMOVEIS
9 - SEM INFORMACAO,962253,ITEM_SELECAO,IMOVEIS
3 - EMBUTIDA,962252,ITEM_SELECAO,IMOVEIS
2 - APARENTE,962251,ITEM_SELECAO,IMOVEIS
1 - INEXISTENTE,962250,ITEM_SELECAO,IMOVEIS
COMP SANI,962269,LISTA_SELECAO,IMOVEIS
9 - SEM INFORMACAO,962275,ITEM_SELECAO,IMOVEIS
5 - MAIS DE UM,962274,ITEM_SELECAO,IMOVEIS
4 - INTERNO COMPLETO,962273,ITEM_SELECAO,IMOVEIS
3 - INTERNO SIMPLES,962272,ITEM_SELECAO,IMOVEIS
2 - EXTERNO,962271,ITEM_SELECAO,IMOVEIS
1 - INEXISTENTE,962270,ITEM_SELECAO,IMOVEIS
FATOR DE POSIÇÃO PREDIAL,962289,LISTA_SELECAO,IMOVEIS
03 - TERREO,962292,ITEM_SELECAO,IMOVEIS
02 - SUBSOLO,962291,ITEM_SELECAO,IMOVEIS
01 - PORAO,962290,ITEM_SELECAO,IMOVEIS
99 - SEM INFORMACAO,962298,ITEM_SELECAO,IMOVEIS
08 - COBERTURA,962297,ITEM_SELECAO,IMOVEIS
07 - QUINTO PISO OU MAIS,962296,ITEM_SELECAO,IMOVEIS
06 - QUARTO PISO,962295,ITEM_SELECAO,IMOVEIS
05 - TERCEIRO PISO,962294,ITEM_SELECAO,IMOVEIS
04 - SEGUNDO PISO,962293,ITEM_SELECAO,IMOVEIS
PADRÃO,962309,LISTA_SELECAO,IMOVEIS
9 - SEM INFORMACAO,962315,ITEM_SELECAO,IMOVEIS
5 - POPULAR,962314,ITEM_SELECAO,IMOVEIS
4 - BAIXO,962313,ITEM_SELECAO,IMOVEIS
3 - REGULAR,962312,ITEM_SELECAO,IMOVEIS
2 - BOM,962311,ITEM_SELECAO,IMOVEIS
1 -  OTIMO,962310,ITEM_SELECAO,IMOVEIS
PESSOA,962329,LISTA_SELECAO,ECONOMICOS
9 - SEM INFORMAÇÃO,962335,ITEM_SELECAO,ECONOMICOS
1 - FISICA,962334,ITEM_SELECAO,ECONOMICOS
2 - JURIDICA,962333,ITEM_SELECAO,ECONOMICOS
3 - FISICA EVENTUAL,962332,ITEM_SELECAO,ECONOMICOS
4 - JURID. EVENT. CONSTR CIVIL,962331,ITEM_SELECAO,ECONOMICOS
5 - JURID. EVENT. OUTRAS ATIVID,962330,ITEM_SELECAO,ECONOMICOS
NATUREZA,962349,LISTA_SELECAO,IMOVEIS
99 - SEM INFORMACAO,962356,ITEM_SELECAO,IMOVEIS
6- GALPAO,962355,ITEM_SELECAO,IMOVEIS
5 - TELHEIRO,962354,ITEM_SELECAO,IMOVEIS
4 - LOJA,962353,ITEM_SELECAO,IMOVEIS
3 - SALA,962352,ITEM_SELECAO,IMOVEIS
2 - CASA,962351,ITEM_SELECAO,IMOVEIS
1 - APARTAMENTO,962350,ITEM_SELECAO,IMOVEIS
TIPO,962369,LISTA_SELECAO,ECONOMICOS
1 - PEDIDO,962372,ITEM_SELECAO,ECONOMICOS
2 - OFICIO,962371,ITEM_SELECAO,ECONOMICOS
9 - SEM INFORMAÇÃO,962370,ITEM_SELECAO,ECONOMICOS
EST CONS,962389,LISTA_SELECAO,IMOVEIS
9 - SEM INFORMACAO,962393,ITEM_SELECAO,IMOVEIS
3 - MUITO MAL,962392,ITEM_SELECAO,IMOVEIS
2 - REGULAR,962391,ITEM_SELECAO,IMOVEIS
1 - MUITO BOM,962390,ITEM_SELECAO,IMOVEIS
TIPO ESTAB.,962409,LISTA_SELECAO,ECONOMICOS
1 - FILIAL,962414,ITEM_SELECAO,ECONOMICOS
2 - MATRIZ,962413,ITEM_SELECAO,ECONOMICOS
3 - NAO INFORMADO,962412,ITEM_SELECAO,ECONOMICOS
4 - PESSOA FISÍCA,962411,ITEM_SELECAO,ECONOMICOS
5 - SEM ESTABELECIMENTO,985109,ITEM_SELECAO,ECONOMICOS
6 - OUTROS,985110,ITEM_SELECAO,ECONOMICOS
9 - SEM INFORMAÇÃO,962410,ITEM_SELECAO,ECONOMICOS
PROC.,962429,TEXTO,ECONOMICOS
SITUAÇÃO DA CONSTRUÇÃO,962449,LISTA_SELECAO,IMOVEIS
9 - SEM INFORMAÇÃO,962452,ITEM_SELECAO,IMOVEIS
2 - FUNDOS,962451,ITEM_SELECAO,IMOVEIS
1 - FRENTE,962450,ITEM_SELECAO,IMOVEIS
REQU.,962469,TEXTO,ECONOMICOS
DT. ATU,962489,DATA,ECONOMICOS
DT. INC,962470,DATA,ECONOMICOS
CAPITAL SOCIAL,962471,NUMERICO,ECONOMICOS
COEF. APROV,962509,NUMERICO,IMOVEIS
IDENT PONTOS,962529,LISTA_SELECAO,IMOVEIS
9 - SEM IDENTIFICACAO,962535,ITEM_SELECAO,IMOVEIS
8 - ADAPTADOS,962534,ITEM_SELECAO,IMOVEIS
7 - CALCULADOS COMPUTADO,962533,ITEM_SELECAO,IMOVEIS
6 - CALCULADOS MANUAL,962532,ITEM_SELECAO,IMOVEIS
5 - CADASTRO VOLUNTARIO,962531,ITEM_SELECAO,IMOVEIS
4 - CALCULADO PDA,962530,ITEM_SELECAO,IMOVEIS
PONTOS,962357,NUMERICO,IMOVEIS
FASE CONST.,962430,LISTA_SELECAO,IMOVEIS
9 - S/ INFORM.,962437,ITEM_SELECAO,IMOVEIS
5 - OUTRO EDIF.,962436,ITEM_SELECAO,IMOVEIS
4 - ACABAM,962435,ITEM_SELECAO,IMOVEIS
3 - ALVEN,962434,ITEM_SELECAO,IMOVEIS
2 - ESTRUT,962433,ITEM_SELECAO,IMOVEIS
1 - FUND,962432,ITEM_SELECAO,IMOVEIS
0 - SEM INFORMACAO,962431,ITEM_SELECAO,IMOVEIS
PISCINA,962549,LISTA_SELECAO,IMOVEIS
9 - INFORMACAO,962552,ITEM_SELECAO,IMOVEIS
2 - SIM,962551,ITEM_SELECAO,IMOVEIS
1 - NAO,962550,ITEM_SELECAO,IMOVEIS
ELEVADOR,962394,LISTA_SELECAO,IMOVEIS
9 - SEM INFORMACAO,962397,ITEM_SELECAO,IMOVEIS
2 - SIM,962396,ITEM_SELECAO,IMOVEIS
1 - NAO,962395,ITEM_SELECAO,IMOVEIS
AR CONDIC,962472,LISTA_SELECAO,IMOVEIS
3 - SEM INFORMACAO,962475,ITEM_SELECAO,IMOVEIS
2 - SIM,962474,ITEM_SELECAO,IMOVEIS
1 - NAO,962473,ITEM_SELECAO,IMOVEIS
OFICIO,962569,NUMERICO,IMOVEIS
AVERBACAO,962358,NUMERICO,IMOVEIS
DATA,962553,DATA,IMOVEIS
VALOR IPTU,962589,NUMERICO,IMOVEIS
IPTU,962609,NUMERICO,IMOVEIS
VALOR VENAL TERRITORIAL,962649,NUMERICO,IMOVEIS
VALOR VENAL PREDIAL,962669,NUMERICO,IMOVEIS
VALOR VENAL TOTAL,962650,NUMERICO,IMOVEIS
DEP.FIS(%),962689,NUMERICO,IMOVEIS
VALOR (M2) EDIFICAÇÃO,962709,NUMERICO,IMOVEIS
VALOR (M2) TERRITORIAL,962729,NUMERICO,IMOVEIS
AREA CORRIGIDA (M2),962749,AREA_TOTAL,IMOVEIS
FATOR CORRECAO,962789,NUMERICO,IMOVEIS
FRACAO IDEAL,962809,NUMERICO,IMOVEIS
FATOR SITUAÇÃO TERRITORIAL,962810,NUMERICO,IMOVEIS
FATOR SITUACAO EDIFICAÇÃO,962829,NUMERICO,IMOVEIS
COTA IDEAL(M2) TERRITORIAL,962710,NUMERICO,IMOVEIS
FATOR DE COMERCIALIZAÇÃO,962849,NUMERICO,IMOVEIS
REGIÃO REAL,962811,TEXTO,IMOVEIS
REGIÃO REAL ADOTADA,962869,TEXTO,IMOVEIS
ALIQUOTA,962889,NUMERICO,IMOVEIS
F.INF.AREA,962909,NUMERICO,IMOVEIS
VALOR INICIAL (R$),962949,NUMERICO,IMOVEIS
VALOR REDUZIDO,962812,NUMERICO,IMOVEIS
REDUÇÃO,962969,NUMERICO,IMOVEIS
EMITE CERTIDÃO DE REMISSÃO,962989,LISTA_SELECAO,IMOVEIS
NÃO,962991,ITEM_SELECAO,IMOVEIS
SIM,962990,ITEM_SELECAO,IMOVEIS
FATOR DE POSIÇÃO DO IMÓVEL,963029,NUMERICO,IMOVEIS
NAT. JUR.,962992,LISTA_SELECAO,ECONOMICOS
01 - FIRMA INDIVIDUAL,963130,ITEM_SELECAO,ECONOMICOS
02 - SOCIEDADE ANONIMA,963129,ITEM_SELECAO,ECONOMICOS
03 - LIMITADA,963128,ITEM_SELECAO,ECONOMICOS
04 - SOCIEDADE CIVIL,963127,ITEM_SELECAO,ECONOMICOS
05 - ORGAO PUBLICO,963126,ITEM_SELECAO,ECONOMICOS
06 - AUTARQUIA,963125,ITEM_SELECAO,ECONOMICOS
07 - SOCIEDADE ECONOMIA MISTA,963124,ITEM_SELECAO,ECONOMICOS
08 - EMPRESA PUBLICA,963123,ITEM_SELECAO,ECONOMICOS
09 - FUNDACAO,963122,ITEM_SELECAO,ECONOMICOS
10 - COOPERATIVA,963121,ITEM_SELECAO,ECONOMICOS
11 - ASSOCIACAO,963120,ITEM_SELECAO,ECONOMICOS
12 - SOCIEDADE NOME COLETIVO,963119,ITEM_SELECAO,ECONOMICOS
13 - COMANDITA SIMPLES,963118,ITEM_SELECAO,ECONOMICOS
14 - COMANDITA POR ACOES,963117,ITEM_SELECAO,ECONOMICOS
15 - CONCESSAO SERVICO PUBLICO,963116,ITEM_SELECAO,ECONOMICOS
16 - ENTIDADE SINDICAL,963115,ITEM_SELECAO,ECONOMICOS
17 - SOCIEDADE CAPITAL E INDUSTRIA,963114,ITEM_SELECAO,ECONOMICOS
18 - CLUBE E ASSOCIACOES RECREATIVAS,963113,ITEM_SELECAO,ECONOMICOS
19 - ASSOCIACOES RELIGIOSAS BENEFICIENTE,963112,ITEM_SELECAO,ECONOMICOS
20 - CARTORIOS E TABELIONATOS,963111,ITEM_SELECAO,ECONOMICOS
21 - OUTROS,963110,ITEM_SELECAO,ECONOMICOS
22 - PESSOA FISICA,963109,ITEM_SELECAO,ECONOMICOS
23 - ORGANIZACAO NAO GOVERNAMENTAL,963108,ITEM_SELECAO,ECONOMICOS
24 - EMPRESARIO (INDIVIDUAL),963107,ITEM_SELECAO,ECONOMICOS
25 - ORGAO PUBLICO DO PODER EXECUTIVO FE,963106,ITEM_SELECAO,ECONOMICOS
26 - ORGAO PUBLICO DO PODER EXECUTIVO ES,963105,ITEM_SELECAO,ECONOMICOS
27 - ORGAO PUBLICO DO PODER EXECUTIVO MU,963104,ITEM_SELECAO,ECONOMICOS
28 - ORGAO PUBLICO DO PODER LEGISLATIVO,963103,ITEM_SELECAO,ECONOMICOS
29 - ORGAO PUBLICO DO PODER LEGISLATIVO,963102,ITEM_SELECAO,ECONOMICOS
30 - ORGAO PUBLICO DO PODER LEGISLATIVO,963101,ITEM_SELECAO,ECONOMICOS
31 - ORGAO PUBLICO DO PODER JUDICIARIO F,963100,ITEM_SELECAO,ECONOMICOS
32 - ORGAO PUBLICO DO PODER JUDICIARIO E,963099,ITEM_SELECAO,ECONOMICOS
33 - AUTARQUIA FEDERAL,963098,ITEM_SELECAO,ECONOMICOS
34 - AUTARQUIA ESTADUAL OU DO DISTRITO F,963097,ITEM_SELECAO,ECONOMICOS
35 - AUTARQUIA MUNICIPAL,963096,ITEM_SELECAO,ECONOMICOS
36 - FUNDACAO FEDERAL,963095,ITEM_SELECAO,ECONOMICOS
37 - FUNDACAO ESTADUAL OU DO DISTRITO FE,963094,ITEM_SELECAO,ECONOMICOS
38 - FUNDACAO MUNICIPAL,963093,ITEM_SELECAO,ECONOMICOS
39 - ORGAO PUBLICO AUTONOMO FEDERAL,963092,ITEM_SELECAO,ECONOMICOS
40 - ORGAO PUBLICO AUTONOMO ESTADUAL OU,963091,ITEM_SELECAO,ECONOMICOS
41 - ORGAO PUBLICO AUTONOMO MUNICIPAL,963090,ITEM_SELECAO,ECONOMICOS
42 - COMISSAO POLINACIONAL,963089,ITEM_SELECAO,ECONOMICOS
43 - FUNDO PUBLICO,963088,ITEM_SELECAO,ECONOMICOS
44 - ASSOCIACAO PUBLICA,963087,ITEM_SELECAO,ECONOMICOS
45 - EMPRESA PUBLICA,963086,ITEM_SELECAO,ECONOMICOS
46 - SOCIEDADE DE ECONOMIA MISTA,963085,ITEM_SELECAO,ECONOMICOS
47 - SOCIEDADE ANONIMA ABERTA,963084,ITEM_SELECAO,ECONOMICOS
48 - SOCIEDADE ANONIMA FECHADA,963083,ITEM_SELECAO,ECONOMICOS
49 - SOCIEDADE EMPRESARIA LIMITADA,963082,ITEM_SELECAO,ECONOMICOS
50 - SOCIEDADE EMPRESARIA EM NOME COLETI,963081,ITEM_SELECAO,ECONOMICOS
51 - SOCIEDADE EMPRESARIA EM COMANDITA S,963080,ITEM_SELECAO,ECONOMICOS
52 - SOCIEDADE EMPRESARIA EM COMANDITA P,963079,ITEM_SELECAO,ECONOMICOS
53 - SOCIEDADE EM CONTA DE PARTICIPACAO,963078,ITEM_SELECAO,ECONOMICOS
54 - EMPRESARIO (INDIVIDUAL),963077,ITEM_SELECAO,ECONOMICOS
55 - COOPERATIVA,963076,ITEM_SELECAO,ECONOMICOS
56 - CONSORCIO DE SOCIEDADES,963075,ITEM_SELECAO,ECONOMICOS
57 - GRUPO DE SOCIEDADES,963074,ITEM_SELECAO,ECONOMICOS
"58 - ESTABELECIMENTO, NO BRASIL, DE SOCI",963073,ITEM_SELECAO,ECONOMICOS
"59 - ESTABELECIMENTO, NO BRASIL, DE EMPR",963072,ITEM_SELECAO,ECONOMICOS
60 - EMPRESA DOMICILIADA NO EXTERIOR,963071,ITEM_SELECAO,ECONOMICOS
61 - SERVICO SOCIAL AUTONOMO,963070,ITEM_SELECAO,ECONOMICOS
62 - SOCIEDADE SIMPLES PURA,963069,ITEM_SELECAO,ECONOMICOS
63 - SOCIEDADE SIMPLES LIMITADA,963068,ITEM_SELECAO,ECONOMICOS
64 - SOCIEDADE SIMPLES EM NOME COLETIVO,963067,ITEM_SELECAO,ECONOMICOS
65 - SOCIEDADE SIMPLES EM COMANDITA SIMP,963066,ITEM_SELECAO,ECONOMICOS
66 - EMPRESA BINACIONAL,963065,ITEM_SELECAO,ECONOMICOS
67 - CONSORCIO DE EMPREGADORES,963064,ITEM_SELECAO,ECONOMICOS
68 - CONSORCIO SIMPLES,963063,ITEM_SELECAO,ECONOMICOS
69 - SERVICO NOTARIAL E REGISTRAL (CARTO,963062,ITEM_SELECAO,ECONOMICOS
70 - FUNDACAO PRIVADA,963061,ITEM_SELECAO,ECONOMICOS
71 - COMISSAO DE CONCILIACAO PREVIA,963060,ITEM_SELECAO,ECONOMICOS
72 - CONDOMINIO EDILICIO,963059,ITEM_SELECAO,ECONOMICOS
73 - COMISSAO DE CONCILIACAO PREVIA,963058,ITEM_SELECAO,ECONOMICOS
74 - ENTIDADE DE MEDIACAO E ARBITRAGEM,963057,ITEM_SELECAO,ECONOMICOS
75 - PARTIDO POLITICO,963056,ITEM_SELECAO,ECONOMICOS
76 - ENTIDADE SINDICAL,963055,ITEM_SELECAO,ECONOMICOS
"77 - ESTABELECIMENTO, NO BRASIL, DE FUND",963054,ITEM_SELECAO,ECONOMICOS
78 - FUNDACAO OU ASSOCIACAO DOMICILIADA,963053,ITEM_SELECAO,ECONOMICOS
79 - ORGANIZACAO RELIGIOSA,963052,ITEM_SELECAO,ECONOMICOS
80 - COMUNIDADE INDIGENA,963051,ITEM_SELECAO,ECONOMICOS
81 - FUNDO PRIVADO,963050,ITEM_SELECAO,ECONOMICOS
82 - ASSOCIACAO PRIVADA,963049,ITEM_SELECAO,ECONOMICOS
83 - EMPRESA INDIVIDUAL IMOBILIARIA,963008,ITEM_SELECAO,ECONOMICOS
84 - SEGURADO ESPECIAL,963007,ITEM_SELECAO,ECONOMICOS
85 - CONTRIBUINTE INDIVIDUAL,963006,ITEM_SELECAO,ECONOMICOS
86 - CANDIDATO A CARGO POLITICO ELETIVO,963005,ITEM_SELECAO,ECONOMICOS
87 - LEILOEIRO,963004,ITEM_SELECAO,ECONOMICOS
88 - ORGANIZACAO INTERNACIONAL,963003,ITEM_SELECAO,ECONOMICOS
89 - REPRESENTACAO DIPLOMATICA ESTRANGEI,963002,ITEM_SELECAO,ECONOMICOS
90 - OUTRAS INSTITUICOES EXTRATERRITORIA,963001,ITEM_SELECAO,ECONOMICOS
91 - ORGANIZACAO SOCIAL (OS),963000,ITEM_SELECAO,ECONOMICOS
92 - EMPRESA INDIVIDUAL DE RESPONSABILID,962999,ITEM_SELECAO,ECONOMICOS
93 - ORGAO DE DIRECAO LOCAL DE PARTIDO P,962998,ITEM_SELECAO,ECONOMICOS
94 - SOCIEDADE UNIPESSOAL DE ADVOCACIA,962997,ITEM_SELECAO,ECONOMICOS
95 - SOCIEDADE LIMITADA UNIPESSOAL,962996,ITEM_SELECAO,ECONOMICOS
96 - EMPRESA SIMPLES DE INOVACAO,962995,ITEM_SELECAO,ECONOMICOS
97 - MUNICIPIO,962994,ITEM_SELECAO,ECONOMICOS
99 - NAO INFORMADO,962993,ITEM_SELECAO,ECONOMICOS
VALOR FINAL (R$),963010,NUMERICO,IMOVEIS
AT. ECO.,963149,LISTA_SELECAO,ECONOMICOS
8 - OUTROS,963151,ITEM_SELECAO,ECONOMICOS
9 - NAO INFORMADO,963150,ITEM_SELECAO,ECONOMICOS
1 - INDUSTRIA,963158,ITEM_SELECAO,ECONOMICOS
2 - COMERCIO,963157,ITEM_SELECAO,ECONOMICOS
3 - PRESTACAO DE SERVICOS,963156,ITEM_SELECAO,ECONOMICOS
4 - INDUSTRIA E COMERCIO,963155,ITEM_SELECAO,ECONOMICOS
5 - INDUSTRIA E PRESTACAO DE SERVICOS,963154,ITEM_SELECAO,ECONOMICOS
6 - COMERCIO E PRESTACAO DE SERVICOS,963153,ITEM_SELECAO,ECONOMICOS
"7 - INDUSTRIA, COMERCIO E PRESTACAO DE S",963152,ITEM_SELECAO,ECONOMICOS
ESP. EST.,962890,LISTA_SELECAO,ECONOMICOS
1 - LOJA,962899,ITEM_SELECAO,ECONOMICOS
2 - FABRICA,962898,ITEM_SELECAO,ECONOMICOS
3 - ESCRITORIO,962897,ITEM_SELECAO,ECONOMICOS
4 - DEPOSITO,962896,ITEM_SELECAO,ECONOMICOS
5 - RESIDENCIA,962895,ITEM_SELECAO,ECONOMICOS
6 - SALA,962894,ITEM_SELECAO,ECONOMICOS
7 - GALPAO,962893,ITEM_SELECAO,ECONOMICOS
8 - OUTROS,962892,ITEM_SELECAO,ECONOMICOS
9 - NAO INFORMADO,962891,ITEM_SELECAO,ECONOMICOS
LICENÇA,963169,LISTA_SELECAO,ECONOMICOS
1 - NAO INFORMADO,963173,ITEM_SELECAO,ECONOMICOS
2 - DEFINITIVO,963172,ITEM_SELECAO,ECONOMICOS
3 - PROVISORIO,963171,ITEM_SELECAO,ECONOMICOS
9 - SEM INFORMAÇÃO,963170,ITEM_SELECAO,ECONOMICOS
REGIME,963189,LISTA_SELECAO,ECONOMICOS
01 - AUTONOMO,963199,ITEM_SELECAO,ECONOMICOS
02 - ESTIMATIVA,963198,ITEM_SELECAO,ECONOMICOS
03 - MOV. ECONOMICO,963197,ITEM_SELECAO,ECONOMICOS
04 - SOCIEDADE UNIPR,963196,ITEM_SELECAO,ECONOMICOS
05 - IVVC,963195,ITEM_SELECAO,ECONOMICOS
06 - MOV. ECO. RET.,963194,ITEM_SELECAO,ECONOMICOS
07 - EVE. CONST. CIV,963193,ITEM_SELECAO,ECONOMICOS
08 - S. NACIONAL,963192,ITEM_SELECAO,ECONOMICOS
09 - S.NACIONAL-MEI,963191,ITEM_SELECAO,ECONOMICOS
99 - NENHUM,963190,ITEM_SELECAO,ECONOMICOS
TCRS VALOR FINAL (R$),963209,NUMERICO,IMOVEIS
QUANTIDADE COLETA (LIXO),962910,NUMERICO,IMOVEIS
ORGÃO DE REGISTRO,963249,LISTA_SELECAO,ECONOMICOS
01 - JUNTA COMERCIAL DO ESTADO DE MINAS,963263,ITEM_SELECAO,ECONOMICOS
02 - CARTORIO REG CIVIL PESSOAS JURIDICA,963262,ITEM_SELECAO,ECONOMICOS
03 - OUTROS,963261,ITEM_SELECAO,ECONOMICOS
04 - JUNTA COMERCIAL,963260,ITEM_SELECAO,ECONOMICOS
05 - CARTORIO,963259,ITEM_SELECAO,ECONOMICOS
06 - CONSELHO/ORDEM,963258,ITEM_SELECAO,ECONOMICOS
07 - MINISTERIO DO TRABALHO,963257,ITEM_SELECAO,ECONOMICOS
08 - SINDICATO,963256,ITEM_SELECAO,ECONOMICOS
09 - DIARIO OFICIAL,963255,ITEM_SELECAO,ECONOMICOS
10 - BANCO CENTRAL DO BRASIL,963254,ITEM_SELECAO,ECONOMICOS
11 - FEDERACAO,963253,ITEM_SELECAO,ECONOMICOS
12 - CONFEDERACAO,963252,ITEM_SELECAO,ECONOMICOS
13 - OFICIO,963251,ITEM_SELECAO,ECONOMICOS
99 - NAO INFORMADO,963250,ITEM_SELECAO,ECONOMICOS
SÓCIO,963269,LISTA_SELECAO,ECONOMICOS
99 - NAO INFORMADO,963270,ITEM_SELECAO,ECONOMICOS
30 - SOCIO PARTICIPANTE,963271,ITEM_SELECAO,ECONOMICOS
29 - EMPRESARIO,963272,ITEM_SELECAO,ECONOMICOS
28 - SOCIO SEM CAPITAL,963273,ITEM_SELECAO,ECONOMICOS
27 - SOCIO COM CAPITAL,963274,ITEM_SELECAO,ECONOMICOS
05 - TITULAR,963296,ITEM_SELECAO,ECONOMICOS
06 - PRESIDENTE,963295,ITEM_SELECAO,ECONOMICOS
07 - ADMINISTRADOR,963294,ITEM_SELECAO,ECONOMICOS
08 - CONSELHEIRO DE ADMINISTRACAO,963293,ITEM_SELECAO,ECONOMICOS
09 - DIRETOR,963292,ITEM_SELECAO,ECONOMICOS
10 - PROCURADOR,963291,ITEM_SELECAO,ECONOMICOS
11 - SOCIEDADE CONSORCIADA,963290,ITEM_SELECAO,ECONOMICOS
12 - SOCIEDADE FILIADA,963289,ITEM_SELECAO,ECONOMICOS
13 - SOCIO,963288,ITEM_SELECAO,ECONOMICOS
14 - SOCIO CAPITALISTA,963287,ITEM_SELECAO,ECONOMICOS
15 - SOCIO COMANDITADO,963286,ITEM_SELECAO,ECONOMICOS
16 - SOCIO COMANDITARIO,963285,ITEM_SELECAO,ECONOMICOS
17 - SOCIO DE INDUSTRIA,963284,ITEM_SELECAO,ECONOMICOS
18 - SOCIO GERENTE,963283,ITEM_SELECAO,ECONOMICOS
19 - SOCIO INCAPAZ/RELAT. INCAPAZ (EXCET,963282,ITEM_SELECAO,ECONOMICOS
20 - SOCIO MENOR (ASSISTIDO/REPRESENTADO,963281,ITEM_SELECAO,ECONOMICOS
21 - SOCIO OSTENSIVO,963280,ITEM_SELECAO,ECONOMICOS
22 - SOCIO PESSOA JURIDICA DOMICILIADA N,963279,ITEM_SELECAO,ECONOMICOS
23 - SOCIO PESSOA FISICA RESIDENTE NO EX,963278,ITEM_SELECAO,ECONOMICOS
24 - SOCIO PESSOA FISICA RESIDENTE NO BR,963277,ITEM_SELECAO,ECONOMICOS
26 - SOCIO ADMINISTRADOR,963275,ITEM_SELECAO,ECONOMICOS
25 - SOCIO PESSOA JURIDICA DOMICILIADA N,963276,ITEM_SELECAO,ECONOMICOS
01 - SOCIO ADMINISTRADOR,963300,ITEM_SELECAO,ECONOMICOS
02 - SOCIO QUOTISTA,963299,ITEM_SELECAO,ECONOMICOS
03 - DIRETOR,963298,ITEM_SELECAO,ECONOMICOS
04 - GERENTE,963297,ITEM_SELECAO,ECONOMICOS
PROF.,963309,LISTA_SELECAO,ECONOMICOS
98 - OUTROS,963310,ITEM_SELECAO,ECONOMICOS
97 - COMERCIANTE,963311,ITEM_SELECAO,ECONOMICOS
31 - FARMACEUTICO,963312,ITEM_SELECAO,ECONOMICOS
30 - ESTATISTICO,963313,ITEM_SELECAO,ECONOMICOS
29 - ENGENHEIRO DE SEGURANCA,963314,ITEM_SELECAO,ECONOMICOS
28 - ENGENHEIRO AGRONOMO,963315,ITEM_SELECAO,ECONOMICOS
27 - ECONOMISTA DOMESTICO,963316,ITEM_SELECAO,ECONOMICOS
26 - BIOMEDICO,963317,ITEM_SELECAO,ECONOMICOS
25 - BIOLOGO,963318,ITEM_SELECAO,ECONOMICOS
24 - BIBLIOTECARIO,963319,ITEM_SELECAO,ECONOMICOS
23 - ATUARIO,963320,ITEM_SELECAO,ECONOMICOS
22 - ASSISTENTE SOCIAL,963321,ITEM_SELECAO,ECONOMICOS
21 - ARQUIVISTA,963322,ITEM_SELECAO,ECONOMICOS
20 - AGRIMENSOR,963323,ITEM_SELECAO,ECONOMICOS
19 - ADMINISTRADOR,963324,ITEM_SELECAO,ECONOMICOS
18 - FISIOTERAPEUTA,963325,ITEM_SELECAO,ECONOMICOS
17 - PSICOLOGO,963326,ITEM_SELECAO,ECONOMICOS
16 - ECONOMISTA,963327,ITEM_SELECAO,ECONOMICOS
15 - DENTISTA,963328,ITEM_SELECAO,ECONOMICOS
14 - AGRONOMO,963329,ITEM_SELECAO,ECONOMICOS
13 - URBANISTA,963330,ITEM_SELECAO,ECONOMICOS
12 - ARQUITETO,963331,ITEM_SELECAO,ECONOMICOS
11 - ENGENHEIRO,963332,ITEM_SELECAO,ECONOMICOS
02 - ENFERMEIRO,963341,ITEM_SELECAO,ECONOMICOS
06 - CONTADOR,963337,ITEM_SELECAO,ECONOMICOS
07 - AUDITOR,963336,ITEM_SELECAO,ECONOMICOS
08 - TECNICO EM CONTABILIDADE,963335,ITEM_SELECAO,ECONOMICOS
09 - AGEN. PROP. INDUSTRIAL,963334,ITEM_SELECAO,ECONOMICOS
10 - ADVOGADO,963333,ITEM_SELECAO,ECONOMICOS
05 - VETERINARIO,963338,ITEM_SELECAO,ECONOMICOS
01 - MEDICO,963342,ITEM_SELECAO,ECONOMICOS
04 - PROTETICO,963339,ITEM_SELECAO,ECONOMICOS
03 - FONOAUDIOLOGO,963340,ITEM_SELECAO,ECONOMICOS
OBS,963349,TEXTO,ECONOMICOS
OUTROS IMÓVEIS,963369,TEXTO,ECONOMICOS
INTERDITADA,963389,LISTA_SELECAO,ECONOMICOS
NÃO,963391,ITEM_SELECAO,ECONOMICOS
SIM,963390,ITEM_SELECAO,ECONOMICOS
VALOR ISS,963264,NUMERICO,ECONOMICOS
ALVARÁ SANITÁRIO,963409,LISTA_SELECAO,ECONOMICOS
NÃO,963411,ITEM_SELECAO,ECONOMICOS
SIM,963410,ITEM_SELECAO,ECONOMICOS
ÁREA ESTABELECIMENTO,963429,NUMERICO,ECONOMICOS
ZONA ESTABELECIMENTO,963449,NUMERICO,ECONOMICOS
CLASSE,963469,LISTA_SELECAO,ECONOMICOS
CLASSE A,963474,ITEM_SELECAO,ECONOMICOS
CLASSE B,963473,ITEM_SELECAO,ECONOMICOS
CLASSE C,963472,ITEM_SELECAO,ECONOMICOS
CLASSE D,963471,ITEM_SELECAO,ECONOMICOS
CLASSE E,963470,ITEM_SELECAO,ECONOMICOS
VENCIMENTO 1º ALVARÁ SANITÁRIO,963489,DATA,ECONOMICOS
BENEFICIOS,963343,LISTA_SELECAO,ECONOMICOS
01 - IMUNIDADE,963512,ITEM_SELECAO,ECONOMICOS
02 - NAO INCIDENCIA,963511,ITEM_SELECAO,ECONOMICOS
03 - ISENCAO,963510,ITEM_SELECAO,ECONOMICOS
04 - ISENCAO LEI 11499/2007,963509,ITEM_SELECAO,ECONOMICOS
05 - ISENCAO-LEI 11428,963348,ITEM_SELECAO,ECONOMICOS
06 - LEI 11937/2009,963347,ITEM_SELECAO,ECONOMICOS
07 - LEI 12206/2010,963346,ITEM_SELECAO,ECONOMICOS
08 - ISENCAO-LEI 14209/2021,963345,ITEM_SELECAO,ECONOMICOS
99 - NENHUM,963344,ITEM_SELECAO,ECONOMICOS
DATA INICIO,963430,DATA,ECONOMICOS
DATA FINAL,963392,DATA,ECONOMICOS
PERCENTUAL REDUÇÃO,963529,NUMERICO,ECONOMICOS
MÊS COMPETÊNCIA,963549,LISTA_SELECAO,ECONOMICOS
Janeiro,963561,ITEM_SELECAO,ECONOMICOS
Fevereiro,963560,ITEM_SELECAO,ECONOMICOS
Março,963559,ITEM_SELECAO,ECONOMICOS
Abril,963558,ITEM_SELECAO,ECONOMICOS
Maio,963557,ITEM_SELECAO,ECONOMICOS
Junho,963556,ITEM_SELECAO,ECONOMICOS
Julho,963555,ITEM_SELECAO,ECONOMICOS
Agosto,963554,ITEM_SELECAO,ECONOMICOS
Setembro,963553,ITEM_SELECAO,ECONOMICOS
Outubro,963552,ITEM_SELECAO,ECONOMICOS
Novembro,963551,ITEM_SELECAO,ECONOMICOS
Dezembro,963550,ITEM_SELECAO,ECONOMICOS
ENQUADRAMENTO DE ÁREA,963569,LISTA_SELECAO,ECONOMICOS
01 - ATE 100 M2 AREA,963579,ITEM_SELECAO,ECONOMICOS
02 - ATE 150 M2 AREA,963578,ITEM_SELECAO,ECONOMICOS
03 - ATE 300 M2 AREA,963577,ITEM_SELECAO,ECONOMICOS
04 - ATE 700 M2 AREA,963576,ITEM_SELECAO,ECONOMICOS
05 - ATE 1000 M2 ARE,963575,ITEM_SELECAO,ECONOMICOS
06 - ATE 2000 M2 ARE,963574,ITEM_SELECAO,ECONOMICOS
07 - SEM LIMITE AREA,963573,ITEM_SELECAO,ECONOMICOS
08 - ATE 1500 M2 ARE,963572,ITEM_SELECAO,ECONOMICOS
10 - ATE 50 M2,963571,ITEM_SELECAO,ECONOMICOS
11 - ATE 450 M2,963570,ITEM_SELECAO,ECONOMICOS
CÓDIGO IPTU,963589,LISTA_SELECAO,IMOVEIS
01 - IMUNIDADE,963590,ITEM_SELECAO,IMOVEIS
02 - NAOINCIDENCIA,963591,ITEM_SELECAO,IMOVEIS
03 - SERMUNC/CONJSOBR,963592,ITEM_SELECAO,IMOVEIS
04 - EX-COMBCONJSOBREV.,963593,ITEM_SELECAO,IMOVEIS
05 - VIUVAS,963594,ITEM_SELECAO,IMOVEIS
06 - PENSION.EAPOSENTAD,963595,ITEM_SELECAO,IMOVEIS
07 - AGREMIACOESESPORTIV,963596,ITEM_SELECAO,IMOVEIS
08 - AREASINTERESSESOC.,963597,ITEM_SELECAO,IMOVEIS
09 - IMOVCARACT.DEFIN,963598,ITEM_SELECAO,IMOVEIS
10 - EMPRESASINSTNODI,963599,ITEM_SELECAO,IMOVEIS
11 - LOTEAMENTOS,963600,ITEM_SELECAO,IMOVEIS
12 - EMCASA,963601,ITEM_SELECAO,IMOVEIS
13 - EMPAV,963602,ITEM_SELECAO,IMOVEIS
14 - CESAMA,963603,ITEM_SELECAO,IMOVEIS
15 - POSSEIROS,963604,ITEM_SELECAO,IMOVEIS
16 - IMOVEISTOMBADOS,963605,ITEM_SELECAO,IMOVEIS
17 - SIDER.MENDESJUNIOR,963606,ITEM_SELECAO,IMOVEIS
18 - REDEFERROV.FEDERAL,963607,ITEM_SELECAO,IMOVEIS
19 - C.D.I.LEI9205,963608,ITEM_SELECAO,IMOVEIS
27 - ISENCAOLINHARES,963616,ITEM_SELECAO,IMOVEIS
26 - P.CULTURAGERMANICA,963615,ITEM_SELECAO,IMOVEIS
25 - REVITALAREACENTRAL,963614,ITEM_SELECAO,IMOVEIS
24 - PROG.PONTOPARTIDA,963613,ITEM_SELECAO,IMOVEIS
99 - SEM INFORMAÇÃO,963635,ITEM_SELECAO,IMOVEIS
22 - REDUCAODE30%,963611,ITEM_SELECAO,IMOVEIS
21 - IMOVELALUGADOPJF,963610,ITEM_SELECAO,IMOVEIS
20 - IMOV.INTEG.DOPAR,963609,ITEM_SELECAO,IMOVEIS
23 - FUNALFA,963612,ITEM_SELECAO,IMOVEIS
98 - MANDADO DE SEGURANCA,963634,ITEM_SELECAO,IMOVEIS
46 - ENCHENTES,963633,ITEM_SELECAO,IMOVEIS
"42 - LEI14544/22ART7,IX",963632,ITEM_SELECAO,IMOVEIS
41 - IMUNIDADEEC116,963631,ITEM_SELECAO,IMOVEIS
45 - ASSOCIAÇÃODEMORADO,963630,ITEM_SELECAO,IMOVEIS
40 - PMCMV-FARLEI13.283,963629,ITEM_SELECAO,IMOVEIS
39 - SERVIDORAMAC,963628,ITEM_SELECAO,IMOVEIS
38 - ATIVIDADERURAL,963627,ITEM_SELECAO,IMOVEIS
37 - ONDULINE,963626,ITEM_SELECAO,IMOVEIS
36 - SERVFED./EST.SUS,963625,ITEM_SELECAO,IMOVEIS
35 - SERVIDORDAEMCASA,963624,ITEM_SELECAO,IMOVEIS
34 - SERVIDORDAEMPAV,963623,ITEM_SELECAO,IMOVEIS
33 - SERVIDORCAMARAMUN.,963622,ITEM_SELECAO,IMOVEIS
32 - SERVIDORDODEMLURB,963621,ITEM_SELECAO,IMOVEIS
31 - SERVIDORDAFUNALFA,963620,ITEM_SELECAO,IMOVEIS
30 - SERVIDORDACESAMA,963619,ITEM_SELECAO,IMOVEIS
29 - ISENCAOSANTALUCIA,963618,ITEM_SELECAO,IMOVEIS
28 - ISENCAOINDUSTRIAL,963617,ITEM_SELECAO,IMOVEIS
CÓDIGO TCRS,963649,LISTA_SELECAO,IMOVEIS
01 - IMUNIDADE,963650,ITEM_SELECAO,IMOVEIS
02 - NAO INCIDENCIA,963651,ITEM_SELECAO,IMOVEIS
03 - SER MUN C/ CONJ SOBR,963652,ITEM_SELECAO,IMOVEIS
04 - EX-COMB CONJ SOBREV.,963653,ITEM_SELECAO,IMOVEIS
05 - VIUVAS,963654,ITEM_SELECAO,IMOVEIS
06 - PENSION. E APOSENTAD,963655,ITEM_SELECAO,IMOVEIS
07 - AGREMIACOES ESPORTIV,963656,ITEM_SELECAO,IMOVEIS
08 - AREAS INTERESSE SOC.,963657,ITEM_SELECAO,IMOVEIS
09 - IMOV CARACT. DEFIN,963658,ITEM_SELECAO,IMOVEIS
10 - EMPRESAS INST NO DI,963659,ITEM_SELECAO,IMOVEIS
11 - LOTEAMENTOS,963660,ITEM_SELECAO,IMOVEIS
13 - EMPAV,963661,ITEM_SELECAO,IMOVEIS
14 - CESAMA,963662,ITEM_SELECAO,IMOVEIS
15 - POSSEIROS,963663,ITEM_SELECAO,IMOVEIS
16 - IMOVEIS TOMBADOS,963664,ITEM_SELECAO,IMOVEIS
17 - SIDER.MENDES JUNIOR,963665,ITEM_SELECAO,IMOVEIS
18 - REDE FERROV. FEDERAL,963666,ITEM_SELECAO,IMOVEIS
12 - EMCASA,963667,ITEM_SELECAO,IMOVEIS
19 - C.D.I. Lei 9205,963668,ITEM_SELECAO,IMOVEIS
20 - IMOV. INTEG. DO PAR,963669,ITEM_SELECAO,IMOVEIS
21 - Imovel Alugado PJF,963670,ITEM_SELECAO,IMOVEIS
22 - REDUCAO DE 30%,963671,ITEM_SELECAO,IMOVEIS
23 - FUNALFA,963672,ITEM_SELECAO,IMOVEIS
24 - PROG. PONTO PARTIDA,963673,ITEM_SELECAO,IMOVEIS
25 - REVITAL AREA CENTRAL,963674,ITEM_SELECAO,IMOVEIS
26 - P. CULTURA GERMANICA,963675,ITEM_SELECAO,IMOVEIS
98 - MANDADO DE SEGURANCA,963676,ITEM_SELECAO,IMOVEIS
99 - SEM INFORMACAO,963677,ITEM_SELECAO,IMOVEIS
CÓDIGO CCSIP,963869,LISTA_SELECAO,IMOVEIS
99 - SEM INFORMACAO,963897,ITEM_SELECAO,IMOVEIS
98 - MANDADO DE SEGURANCA,963896,ITEM_SELECAO,IMOVEIS
26 - P. CULTURA GERMANICA,963895,ITEM_SELECAO,IMOVEIS
25 - REVITAL AREA CENTRAL,963894,ITEM_SELECAO,IMOVEIS
24 - PROG. PONTO PARTIDA,963893,ITEM_SELECAO,IMOVEIS
23 - FUNALFA,963892,ITEM_SELECAO,IMOVEIS
22 - REDUCAO DE 30%,963891,ITEM_SELECAO,IMOVEIS
21 - Imovel Alugado PJF,963890,ITEM_SELECAO,IMOVEIS
20 - IMOV. INTEG. DO PAR,963889,ITEM_SELECAO,IMOVEIS
19 - C.D.I. Lei 9205,963888,ITEM_SELECAO,IMOVEIS
18 - REDE FERROV. FEDERAL,963887,ITEM_SELECAO,IMOVEIS
17 - SIDER.MENDES JUNIOR,963886,ITEM_SELECAO,IMOVEIS
16 - IMOVEIS TOMBADOS,963885,ITEM_SELECAO,IMOVEIS
15 - POSSEIROS,963884,ITEM_SELECAO,IMOVEIS
14 - CESAMA,963883,ITEM_SELECAO,IMOVEIS
13 - EMPAV,963882,ITEM_SELECAO,IMOVEIS
12 - EMCASA,963881,ITEM_SELECAO,IMOVEIS
11 - LOTEAMENTOS,963880,ITEM_SELECAO,IMOVEIS
10 - EMPRESAS INST NO DI,963879,ITEM_SELECAO,IMOVEIS
09 - IMOV CARACT. DEFIN,963878,ITEM_SELECAO,IMOVEIS
08 - AREAS INTERESSE SOC.,963877,ITEM_SELECAO,IMOVEIS
07 - AGREMIACOES ESPORTIV,963876,ITEM_SELECAO,IMOVEIS
06 - PENSION. E APOSENTAD,963875,ITEM_SELECAO,IMOVEIS
05 - VIUVAS,963874,ITEM_SELECAO,IMOVEIS
04 - EX-COMB CONJ SOBREV.,963873,ITEM_SELECAO,IMOVEIS
03 - SER MUN C/ CONJ SOBR,963872,ITEM_SELECAO,IMOVEIS
02 - NAO INCIDENCIA,963871,ITEM_SELECAO,IMOVEIS
1 - IMUNIDADE,963870,ITEM_SELECAO,IMOVEIS
COD. ESPEC.,964089,LISTA_SELECAO,IMOVEIS
99 - SEM INFORMACAO,964093,ITEM_SELECAO,IMOVEIS
98 - ISEN. EXERC 2006,964092,ITEM_SELECAO,IMOVEIS
02 - ISEN CAD. VOLUNTARIO,964091,ITEM_SELECAO,IMOVEIS
01 - ISEN COMISSAO ESPEC.,964090,ITEM_SELECAO,IMOVEIS
Processo Físico,964249,TEXTO,PROJETOS_DE_OBRAS
Processo Digital,964269,TEXTO,PROJETOS_DE_OBRAS
Certidões Diversas,964289,NUMERICO,PROJETOS_DE_OBRAS
Aprovação de Fusão e Desmembramento,964309,NUMERICO,PROJETOS_DE_OBRAS
Aprovação de Fusão ou Desmembramento,964329,NUMERICO,PROJETOS_DE_OBRAS
Aprovação de Loteamento (Nº de Lotes),964349,NUMERICO,PROJETOS_DE_OBRAS
Aprovação de Arruamento (Metro Linear),964369,NUMERICO,PROJETOS_DE_OBRAS
Aceitação de Loteamento (Nº de Lotes),964389,NUMERICO,PROJETOS_DE_OBRAS
Aceitação de Arruamento (Metro Linear),964409,NUMERICO,PROJETOS_DE_OBRAS
Tipo de Construção Familiar,964429,LISTA_SELECAO,PROJETOS_DE_OBRAS
Institucional,1002551,ITEM_SELECAO,PROJETOS_DE_OBRAS
Industrial,1002550,ITEM_SELECAO,PROJETOS_DE_OBRAS
Comercial,1002549,ITEM_SELECAO,PROJETOS_DE_OBRAS
Unifamiliar,964431,ITEM_SELECAO,PROJETOS_DE_OBRAS
Multifamiliar,964430,ITEM_SELECAO,PROJETOS_DE_OBRAS
Área Construída,964449,NUMERICO,PROJETOS_DE_OBRAS
Piscina Particular (Área m²),964469,NUMERICO,PROJETOS_DE_OBRAS
Piscina Recreativa (Área m²),964470,NUMERICO,PROJETOS_DE_OBRAS
Marquise (m²),964471,NUMERICO,PROJETOS_DE_OBRAS
Valor da Multa,964472,NUMERICO,PROJETOS_DE_OBRAS
Certidão de Habite-se (1ª Via),964489,NUMERICO,PROJETOS_DE_OBRAS
Certidão de Habite-se (2ª Via),964509,NUMERICO,PROJETOS_DE_OBRAS
Área da Demolição,964529,NUMERICO,PROJETOS_DE_OBRAS
Certidão de Demolição,964549,NUMERICO,PROJETOS_DE_OBRAS
Transferência de RT,964569,NUMERICO,PROJETOS_DE_OBRAS
Muro de Arrimo (M²),964589,NUMERICO,PROJETOS_DE_OBRAS
Serviços Diversos,964410,NUMERICO,PROJETOS_DE_OBRAS
Construção de ERB,964609,NUMERICO,PROJETOS_DE_OBRAS
Área da Aceitação,964530,NUMERICO,PROJETOS_DE_OBRAS
Vistoria Técnica por M²,964270,NUMERICO,PROJETOS_DE_OBRAS
Vistoria Técnica Para Certidão de Demolição,964629,NUMERICO,PROJETOS_DE_OBRAS
Certidão de Numeração,964649,NUMERICO,PROJETOS_DE_OBRAS
Numeração,964669,NUMERICO,PROJETOS_DE_OBRAS
ISENÇÃO CCSIP,964689,NUMERICO,IMOVEIS
AREA (M2) EDIFICAÇÃO,964709,NUMERICO,IMOVEIS
ISENÇÃO CESP,964729,NUMERICO,IMOVEIS
ISENÇÃO TSU,964690,NUMERICO,IMOVEIS
ISENÇÃO TCRS,964749,NUMERICO,IMOVEIS
ISENÇÃO IPTU,964769,NUMERICO,IMOVEIS
AREA EQUIV,964789,NUMERICO,IMOVEIS
AREA UNID,964809,AREA_CONSTRUIDA,IMOVEIS
Zoneamento,965929,LISTA_SELECAO,RECEITAS_DIVERSAS
"ZRIII, DEMAIS Uts.",965935,ITEM_SELECAO,RECEITAS_DIVERSAS
"ZUMII, CORR. DEMAIS UTS",965934,ITEM_SELECAO,RECEITAS_DIVERSAS
"ZCV, ZRI, ZRII, ZRIII CORR.",965933,ITEM_SELECAO,RECEITAS_DIVERSAS
"ZUM I, CORR. DE ZRII",965932,ITEM_SELECAO,RECEITAS_DIVERSAS
"ZCIII, ZCV VIA ESPECIAL",965931,ITEM_SELECAO,RECEITAS_DIVERSAS
"ZCI, ZCII, ZCIV",965930,ITEM_SELECAO,RECEITAS_DIVERSAS
Área,965936,NUMERICO,RECEITAS_DIVERSAS
Unidades,965969,NUMERICO,RECEITAS_DIVERSAS
Conjunto com 2 Cadeiras,965989,NUMERICO,RECEITAS_DIVERSAS
Conjunto com 4 Cadeiras,966009,NUMERICO,RECEITAS_DIVERSAS
CLASSE,967369,LISTA_SELECAO,RECEITAS_DIVERSAS
Classe E,967374,ITEM_SELECAO,RECEITAS_DIVERSAS
Classe D,967373,ITEM_SELECAO,RECEITAS_DIVERSAS
Classe C,967372,ITEM_SELECAO,RECEITAS_DIVERSAS
Classe B,967371,ITEM_SELECAO,RECEITAS_DIVERSAS
Classe A,967370,ITEM_SELECAO,RECEITAS_DIVERSAS
Área do Estabelecimento,967389,NUMERICO,RECEITAS_DIVERSAS
valorTributo,967449,NUMERICO,RECEITAS_DIVERSAS
Quantidade de Requerimentos,967469,NUMERICO,RECEITAS_DIVERSAS
Quantidade de m2,967489,NUMERICO,RECEITAS_DIVERSAS
Quantidade de Dias,967509,NUMERICO,RECEITAS_DIVERSAS
M²,967390,NUMERICO,RECEITAS_DIVERSAS
POSSUI CONTRATO?,967529,LISTA_SELECAO,RECEITAS_DIVERSAS
NAO,967531,ITEM_SELECAO,RECEITAS_DIVERSAS
SIM,967530,ITEM_SELECAO,RECEITAS_DIVERSAS
VALOR DO CONTRATO (APENAS SE POSSUIR CONTRATO),967391,NUMERICO,RECEITAS_DIVERSAS
QUANTIDADE DE ENTERRAMENTO EXCLUIDO O 1° DE CADA CONTRATO,967549,NUMERICO,RECEITAS_DIVERSAS
Quantidade de licença requerida,967569,NUMERICO,RECEITAS_DIVERSAS
COPIA HELIOGRÁFICA - TESOURO,967589,NUMERICO,RECEITAS_DIVERSAS
Valor,967609,NUMERICO,RECEITAS_DIVERSAS
"ESCALA 1:10.000(3X2,80X0,914)MAPA INTEIRO",967629,NUMERICO,RECEITAS_DIVERSAS
"ESCALA 1:12.000(3X2,20X0,914)MAPA INTEIRO",967649,NUMERICO,RECEITAS_DIVERSAS
"ESCALA 1:15.000(3X1,90X0,914)MAPA INTEIRO",967590,NUMERICO,RECEITAS_DIVERSAS
"ESCALA 1:30.000(0,914X0,914)SEM NOME RUAS",967669,NUMERICO,RECEITAS_DIVERSAS
QUALQUER ESCALA EM A4 CORES,967689,NUMERICO,RECEITAS_DIVERSAS
QUALQUER ESCALA EM A4 PRETO E BRANCO,967650,NUMERICO,RECEITAS_DIVERSAS
Alíquota,967709,NUMERICO,RECEITAS_DIVERSAS
Receita Bruta,967729,NUMERICO,RECEITAS_DIVERSAS
Vistoria,967749,NUMERICO,RECEITAS_DIVERSAS
ARRUAMENTO POR METRO LINEAR,967670,NUMERICO,RECEITAS_DIVERSAS
LOTEAMENTO POR LOTE,967769,NUMERICO,RECEITAS_DIVERSAS
GRANJEAMENTO POR GRANJAS,967789,NUMERICO,RECEITAS_DIVERSAS
NÃO USAR,967770,NUMERICO,RECEITAS_DIVERSAS
AREA M2,967809,NUMERICO,RECEITAS_DIVERSAS
Quantidade\ Unidade,967829,NUMERICO,RECEITAS_DIVERSAS
QUANTIDADE DE METRO LINEAR,967849,NUMERICO,RECEITAS_DIVERSAS
Quantidade de m2,967830,NUMERICO,RECEITAS_DIVERSAS
PISCINA,967869,LISTA_SELECAO,RECEITAS_DIVERSAS
PARTICULAR,967871,ITEM_SELECAO,RECEITAS_DIVERSAS
CLUBES RECREATIVOS,967870,ITEM_SELECAO,RECEITAS_DIVERSAS
REVALIDAÇÃO DA APROVAÇÃO DE PROJETOS DE,967889,LISTA_SELECAO,RECEITAS_DIVERSAS
LOTEAMENTOS E GRANJEAMENTOS,967891,ITEM_SELECAO,RECEITAS_DIVERSAS
DESMEMBRAMENTOS E FUSÕES,967890,ITEM_SELECAO,RECEITAS_DIVERSAS
TESTE VALOR,968029,NUMERICO,RECEITAS_DIVERSAS
OUTRAS ATIVIDADES POR ZONA,968049,LISTA_SELECAO,RECEITAS_DIVERSAS
OUTRAS ATVD LOCALI ZN “A” N PREV ZONA ES,968053,ITEM_SELECAO,RECEITAS_DIVERSAS
OUTRAS ATIVIDADES LOCALIZADAS NA ZONA B,968052,ITEM_SELECAO,RECEITAS_DIVERSAS
OUTRAS ATVD LOCALIZ NA ZONA B - DISTRITO,968051,ITEM_SELECAO,RECEITAS_DIVERSAS
OUTRAS ATIVIDADES LOCALIZADAS NA ZONA ES,968050,ITEM_SELECAO,RECEITAS_DIVERSAS
Tipo de Atividade,968069,LISTA_SELECAO,RECEITAS_DIVERSAS
SUPERMERCADOS,968073,ITEM_SELECAO,RECEITAS_DIVERSAS
AGÊNCIA DE AUTOMÓVEIS,968072,ITEM_SELECAO,RECEITAS_DIVERSAS
BOATES E CONGENERES,968071,ITEM_SELECAO,RECEITAS_DIVERSAS
ESTACIONAMENTO DE VEÍCULOS,968070,ITEM_SELECAO,RECEITAS_DIVERSAS
PROFISSIONAIS AUT DE NÍVEL NÃO UNI,968082,ITEM_SELECAO,RECEITAS_DIVERSAS
POSTO DE GASOLINA,968081,ITEM_SELECAO,RECEITAS_DIVERSAS
INDÚSTRIA EM GERAL,968080,ITEM_SELECAO,RECEITAS_DIVERSAS
CONSTRUÇÃO CIVIL,968079,ITEM_SELECAO,RECEITAS_DIVERSAS
PROFISSIONAIS AUTONÔMOS DE NÍVEL UNIVERS,968078,ITEM_SELECAO,RECEITAS_DIVERSAS
CASAS LOTÉRICAS,968077,ITEM_SELECAO,RECEITAS_DIVERSAS
BANCOS,968076,ITEM_SELECAO,RECEITAS_DIVERSAS
FINANCEIRAS,968075,ITEM_SELECAO,RECEITAS_DIVERSAS
AGÊNCIA DE SEGUROS E DE CRÉDITOS,968074,ITEM_SELECAO,RECEITAS_DIVERSAS
DEPOSITO POR DIA OU FRAÇÃO,968089,LISTA_SELECAO,RECEITAS_DIVERSAS
De veículos,968093,ITEM_SELECAO,RECEITAS_DIVERSAS
De animais,968092,ITEM_SELECAO,RECEITAS_DIVERSAS
De bens e mercadorias até 50 quilos,968091,ITEM_SELECAO,RECEITAS_DIVERSAS
De bens e mercadorias de mais de 50 quil,968090,ITEM_SELECAO,RECEITAS_DIVERSAS
Especificação,968109,LISTA_SELECAO,RECEITAS_DIVERSAS
"Gado vacum, por cabeça",968112,ITEM_SELECAO,RECEITAS_DIVERSAS
"Gado suíno ou ovino, por cabeça",968111,ITEM_SELECAO,RECEITAS_DIVERSAS
"Aves, por cabeça, por mês",968110,ITEM_SELECAO,RECEITAS_DIVERSAS
ESPECIFICAÇÕES,968129,LISTA_SELECAO,RECEITAS_DIVERSAS
MERCADORES AMBULANTES DE ARTIGOS DE LUXO,968135,ITEM_SELECAO,RECEITAS_DIVERSAS
VENDEDORES AMBULANTES DE BILHETE DE LOTE,968134,ITEM_SELECAO,RECEITAS_DIVERSAS
OUTROS MERCADORES PROFISSIONAIS AMBULANT,968133,ITEM_SELECAO,RECEITAS_DIVERSAS
MERCADORES AMBULANTE DE PEDRAS PRECIOSAS,968132,ITEM_SELECAO,RECEITAS_DIVERSAS
MERCADORES AMBULANTES DE JOIAIS,968131,ITEM_SELECAO,RECEITAS_DIVERSAS
MERCADORES AMBULANTES DE METAIS NOBRES,968130,ITEM_SELECAO,RECEITAS_DIVERSAS
TIPO DE VEICULO,968149,LISTA_SELECAO,RECEITAS_DIVERSAS
Com veículo motorizado,968152,ITEM_SELECAO,RECEITAS_DIVERSAS
Com veículo não motorizado,968151,ITEM_SELECAO,RECEITAS_DIVERSAS
Sem uso de veículos,968150,ITEM_SELECAO,RECEITAS_DIVERSAS
ENGENHO,968169,LISTA_SELECAO,RECEITAS_DIVERSAS
ENGENHO(TABULETA/OUTDOOR)EM SOLO PRIVADO,968171,ITEM_SELECAO,RECEITAS_DIVERSAS
ENGENHO(TABULETA/OUTDOOR)EM SOLO PUBLICO,968170,ITEM_SELECAO,RECEITAS_DIVERSAS
PERÍODO,968153,LISTA_SELECAO,RECEITAS_DIVERSAS
MENSAL,968155,ITEM_SELECAO,RECEITAS_DIVERSAS
ANUAL,968154,ITEM_SELECAO,RECEITAS_DIVERSAS
Período,968189,LISTA_SELECAO,RECEITAS_DIVERSAS
1 DIA,968193,ITEM_SELECAO,RECEITAS_DIVERSAS
15 DIAS,968192,ITEM_SELECAO,RECEITAS_DIVERSAS
1 MÊS,968191,ITEM_SELECAO,RECEITAS_DIVERSAS
1 ANO,968190,ITEM_SELECAO,RECEITAS_DIVERSAS
FRAÇÃO OU M2,968136,NUMERICO,RECEITAS_DIVERSAS
TAMANHO,968209,LISTA_SELECAO,RECEITAS_DIVERSAS
"ENGENHO: PAINEL, PLACA... ATÉ 2 METROS",968211,ITEM_SELECAO,RECEITAS_DIVERSAS
"ENGENHO: PAINEL, PLACA... ACIMA 2 METROS",968210,ITEM_SELECAO,RECEITAS_DIVERSAS
Meses,968229,NUMERICO,RECEITAS_DIVERSAS
TIPO ATIVIDADE,968249,LISTA_SELECAO,ATIVIDADES_ECONOMICAS
CONSTRUÇÃO CIVIL,968261,ITEM_SELECAO,ATIVIDADES_ECONOMICAS
CASAS LOTÉRICAS,968260,ITEM_SELECAO,ATIVIDADES_ECONOMICAS
SUPERMERCADOS,968259,ITEM_SELECAO,ATIVIDADES_ECONOMICAS
OUTROS,968258,ITEM_SELECAO,ATIVIDADES_ECONOMICAS
AGÊNCIA DE AUTOMÓVEIS,968257,ITEM_SELECAO,ATIVIDADES_ECONOMICAS
BOATES E CONGENERES,968256,ITEM_SELECAO,ATIVIDADES_ECONOMICAS
ESTACIONAMENTO DE VEÍCULOS,968255,ITEM_SELECAO,ATIVIDADES_ECONOMICAS
POSTO DE GASOLINA,968254,ITEM_SELECAO,ATIVIDADES_ECONOMICAS
INDÚSTRIA EM GERAL,968253,ITEM_SELECAO,ATIVIDADES_ECONOMICAS
BANCOS,968252,ITEM_SELECAO,ATIVIDADES_ECONOMICAS
FINANCEIRAS,968251,ITEM_SELECAO,ATIVIDADES_ECONOMICAS
AGÊNCIA DE SEGUROS E DE CRÉDITOS,968250,ITEM_SELECAO,ATIVIDADES_ECONOMICAS
GRAU ESC.,968269,LISTA_SELECAO,ATIVIDADES_ECONOMICAS
9 - NENHUM,968270,ITEM_SELECAO,ATIVIDADES_ECONOMICAS
3 - TERCEIRO GRAU,968271,ITEM_SELECAO,ATIVIDADES_ECONOMICAS
2 - SEGUNDO GRAU,968272,ITEM_SELECAO,ATIVIDADES_ECONOMICAS
1 - PRIMEIRO GRAU,968273,ITEM_SELECAO,ATIVIDADES_ECONOMICAS
Quantidade de Anos,968289,NUMERICO,ATIVIDADES_ECONOMICAS
GRAU DE RISCO,968309,LISTA_SELECAO,ATIVIDADES_ECONOMICAS
GRAU DE RISCO 1,968312,ITEM_SELECAO,ATIVIDADES_ECONOMICAS
GRAU DE RISCO 2,968311,ITEM_SELECAO,ATIVIDADES_ECONOMICAS
GRAU DE RISCO 3,968310,ITEM_SELECAO,ATIVIDADES_ECONOMICAS
CLASSE,968329,LISTA_SELECAO,ATIVIDADES_ECONOMICAS
E,968334,ITEM_SELECAO,ATIVIDADES_ECONOMICAS
D,968333,ITEM_SELECAO,ATIVIDADES_ECONOMICAS
C,968332,ITEM_SELECAO,ATIVIDADES_ECONOMICAS
B,968331,ITEM_SELECAO,ATIVIDADES_ECONOMICAS
A,968330,ITEM_SELECAO,ATIVIDADES_ECONOMICAS
Valor Venal do Imóvel - Para fins de Multa,969509,NUMERICO,PROJETOS_DE_OBRAS
Isento,970369,LISTA_SELECAO,PROJETOS_DE_OBRAS
Não,970371,ITEM_SELECAO,PROJETOS_DE_OBRAS
Sim,970370,ITEM_SELECAO,PROJETOS_DE_OBRAS
Área de Reforma,975269,NUMERICO,PROJETOS_DE_OBRAS
Multa Por Demolição Sem Licença Antes do Decreto,975289,NUMERICO,PROJETOS_DE_OBRAS
Área Total de Construção,975309,NUMERICO,PROJETOS_DE_OBRAS
Área a Regularizar,975329,NUMERICO,PROJETOS_DE_OBRAS
Área a construir / modificar / reforma,975349,NUMERICO,PROJETOS_DE_OBRAS
SCORE,975369,NUMERICO,CONTRIBUINTES
Base de Cálculo,975389,NUMERICO,ECONOMICOS
Alíquota,975409,NUMERICO,ECONOMICOS
COBRANÇA EM LOTE,994869,LISTA_SELECAO,CONTRIBUINTES
2 - NÃO,994871,ITEM_SELECAO,CONTRIBUINTES
1 - SIM,994870,ITEM_SELECAO,CONTRIBUINTES
DEVOLUÇÃO DE CORRESPONDÊNCIA,994889,TEXTO,CONTRIBUINTES
OBSERVAÇÃO,995809,TEXTO,CONTRIBUINTES
ZONA DE ESTABELECIMENTO,996989,LISTA_SELECAO,ECONOMICOS
ZONA A - NÃO PREV.,996994,ITEM_SELECAO,ECONOMICOS
ZONA B - DISTRITOS,996993,ITEM_SELECAO,ECONOMICOS
ZONA B,996992,ITEM_SELECAO,ECONOMICOS
ZONA ESPECIAL,996991,ITEM_SELECAO,ECONOMICOS
PADRÃO,996990,ITEM_SELECAO,ECONOMICOS
Recadastramento de Transporte escolar,998590,NUMERICO,RECEITAS_DIVERSAS
PLACA,999869,TEXTO,RECEITAS_DIVERSAS
CIV,999889,TEXTO,RECEITAS_DIVERSAS
RESP.TÉCNICO OBRA,1001389,TEXTO,IMOVEIS
NOME DA MÃE,1001409,TEXTO,CONTRIBUINTES
valor,1004209,NUMERICO,RECEITAS_DIVERSAS
VALOR,1005049,NUMERICO,RECEITAS_DIVERSAS
TIPO DE DESMEMBRAMENTO,1008349,LISTA_SELECAO,RECEITAS_DIVERSAS
DESMEMBRAMENTO E FUSÃO,1008351,ITEM_SELECAO,RECEITAS_DIVERSAS
DESMEMBRAMENTO OU FUSÃO,1008350,ITEM_SELECAO,RECEITAS_DIVERSAS
Quantidade de certidoes,1008370,NUMERICO,RECEITAS_DIVERSAS
Numero da via,1008429,LISTA_SELECAO,RECEITAS_DIVERSAS
1º Via,1008430,ITEM_SELECAO,RECEITAS_DIVERSAS
2º Via,1008431,ITEM_SELECAO,RECEITAS_DIVERSAS
Número de Aprovação,1012449,TEXTO,PROJETOS_DE_OBRAS
Tipo Obra SAPLE,1012469,LISTA_SELECAO,PROJETOS_DE_OBRAS
Substituição,1012475,ITEM_SELECAO,PROJETOS_DE_OBRAS
Regularização,1012474,ITEM_SELECAO,PROJETOS_DE_OBRAS
Reforma,1012473,ITEM_SELECAO,PROJETOS_DE_OBRAS
Modificação,1012472,ITEM_SELECAO,PROJETOS_DE_OBRAS
Construção,1012471,ITEM_SELECAO,PROJETOS_DE_OBRAS
Acréscimo,1012470,ITEM_SELECAO,PROJETOS_DE_OBRAS
